{"count":1,"self":25.637500799999998,"total":25.782825,"children":{"InitializeActuators":{"count":2,"self":0.0015027999999999999,"total":0.0015027999999999999,"children":null},"InitializeSensors":{"count":2,"self":0.001022,"total":0.001022,"children":null},"AgentSendState":{"count":676,"self":0.0065271999999999995,"total":0.0143313,"children":{"CollectObservations":{"count":126,"self":0.0010471999999999999,"total":0.0010471999999999999,"children":null},"WriteActionMask":{"count":126,"self":0,"total":0,"children":null},"RequestDecision":{"count":126,"self":0.0067569,"total":0.0067569,"children":null}}},"DecideAction":{"count":676,"self":0.11987769999999999,"total":0.1208847,"children":{"RayPerceptionSensor.Perceive":{"count":126,"self":0.0010069999999999999,"total":0.0010069999999999999,"children":null}}},"AgentAct":{"count":676,"self":0.0075825999999999992,"total":0.0075825999999999992,"children":null}},"gauges":{},"metadata":{"timer_format_version":"0.1.0","start_time_seconds":"1733964884","unity_version":"2022.3.50f1","command_line_arguments":"D:\\Program\\HubEd\\2022.3.50f1\\Editor\\Unity.exe -projectpath D:\\Project\\AI_Project -useHub -hubIPC -cloudEnvironment production -licensingIpc LicenseClient-ilekt -hubSessionId 0e11063c-7822-4323-8da3-e8efea98835f -accessToken QkUK8NYFotZAqdVkSYj8OM0CAKtbg9hP8HRvC7F_Z7c009f","communication_protocol_version":"1.5.0","com.unity.ml-agents_version":"2.0.1","scene_name":"Menu","end_time_seconds":"1733964910"}}